frame,seconds,simulated_force_N,simulated_BPM,simulated_GSR_uS,sensor_fresh,applied_calm,trigger_count
0,0.000,0.100,72,2.400,True,0.000,0
1,0.042,0.100,72,2.404,True,0.001,0
2,0.083,0.100,72,2.409,True,0.002,0
3,0.125,0.100,72,2.413,True,0.003,0
4,0.167,0.100,72,2.417,True,0.004,0
5,0.208,0.100,72,2.421,True,0.005,0
6,0.250,0.100,72,2.425,True,0.006,0
7,0.292,0.100,72,2.430,True,0.007,0
8,0.333,0.100,72,2.434,True,0.008,0
9,0.375,0.100,73,2.438,True,0.009,0
10,0.417,0.100,73,2.442,True,0.010,0
11,0.458,0.100,73,2.447,True,0.011,0
12,0.500,0.100,73,2.451,True,0.012,0
13,0.542,0.100,73,2.455,True,0.013,0
14,0.583,0.100,73,2.459,True,0.014,0
15,0.625,0.100,73,2.464,True,0.015,0
16,0.667,0.100,73,2.468,True,0.016,0
17,0.708,0.107,73,2.472,True,0.017,0
18,0.750,0.140,73,2.476,True,0.018,0
19,0.792,0.172,73,2.481,True,0.019,0
20,0.833,0.205,73,2.485,True,0.019,0
21,0.875,0.237,73,2.489,True,0.020,0
22,0.917,0.269,73,2.493,True,0.021,0
23,0.958,0.300,73,2.497,True,0.022,0
24,1.000,0.331,73,2.502,True,0.023,0
25,1.042,0.361,74,2.506,True,0.024,0
26,1.083,0.391,74,2.510,True,0.025,0
27,1.125,0.419,74,2.514,True,0.026,0
28,1.167,0.447,74,2.518,True,0.027,0
29,1.208,0.473,74,2.522,True,0.028,0
30,1.250,0.498,74,2.527,True,0.029,0
31,1.292,0.523,74,2.531,True,0.030,0
32,1.333,0.546,74,2.535,True,0.031,0
33,1.375,0.567,74,2.539,True,0.031,0
34,1.417,0.587,74,2.543,True,0.032,0
35,1.458,0.606,74,2.547,True,0.033,0
36,1.500,0.623,74,2.551,True,0.034,0
37,1.542,0.639,74,2.555,True,0.035,0
38,1.583,0.653,74,2.560,True,0.036,0
39,1.625,0.666,74,2.564,True,0.036,1
40,1.667,0.676,74,2.568,True,0.037,1
41,1.708,0.685,74,2.572,True,0.038,1
42,1.750,0.693,75,2.576,True,0.039,1
43,1.792,0.698,75,2.580,True,0.040,1
44,1.833,0.702,75,2.584,True,0.040,1
45,1.875,0.704,75,2.588,True,0.041,1
46,1.917,0.704,75,2.592,True,0.042,1
47,1.958,0.702,75,2.596,True,0.043,1
48,2.000,0.699,75,2.600,True,0.043,1
49,2.042,0.694,75,2.604,True,0.044,1
50,2.083,0.687,75,2.608,True,0.045,1
51,2.125,0.678,75,2.612,True,0.046,1
52,2.167,0.668,75,2.616,True,0.047,1
53,2.208,0.656,75,2.620,True,0.047,1
54,2.250,0.642,75,2.624,True,0.048,1
55,2.292,0.627,75,2.628,True,0.049,1
56,2.333,0.610,75,2.632,True,0.050,1
57,2.375,0.591,75,2.636,True,0.050,1
58,2.417,0.571,75,2.640,True,0.051,1
59,2.458,0.550,75,2.644,True,0.052,1
60,2.500,0.527,76,2.647,True,0.052,1
61,2.542,0.503,76,2.651,True,0.053,1
62,2.583,0.478,76,2.655,True,0.054,1
63,2.625,0.452,76,2.659,True,0.055,1
64,2.667,0.425,76,2.663,True,0.055,1
65,2.708,0.396,76,2.667,True,0.056,1
66,2.750,0.367,76,2.670,True,0.057,1
67,2.792,0.337,76,2.674,True,0.057,1
68,2.833,0.307,76,2.678,True,0.058,1
69,2.875,0.275,76,2.682,True,0.059,1
70,2.917,0.244,76,2.685,True,0.059,1
71,2.958,0.211,76,2.689,True,0.060,1
72,3.000,0.179,76,2.693,True,0.061,1
73,3.042,0.146,76,2.697,True,0.061,1
74,3.083,0.113,76,2.700,True,0.062,1
75,3.125,0.100,76,2.704,True,0.063,1
76,3.167,0.100,76,2.708,True,0.063,1
77,3.208,0.100,76,2.711,True,0.064,1
78,3.250,0.100,76,2.715,True,0.064,1
79,3.292,0.100,76,2.719,True,0.065,1
80,3.333,0.100,77,2.722,True,0.066,1
81,3.375,0.100,77,2.726,True,0.066,1
82,3.417,0.100,77,2.729,True,0.067,1
83,3.458,0.100,77,2.733,True,0.068,1
84,3.500,0.100,77,2.736,True,0.068,1
85,3.542,0.100,77,2.740,True,0.069,1
86,3.583,0.100,77,2.743,True,0.069,1
87,3.625,0.100,77,2.747,True,0.070,1
88,3.667,0.100,77,2.750,True,0.070,1
89,3.708,0.100,77,2.754,True,0.071,1
90,3.750,0.100,77,2.757,True,0.072,1
91,3.792,0.100,77,2.761,True,0.072,1
92,3.833,0.100,77,2.764,True,0.073,1
93,3.875,0.100,77,2.767,True,0.073,1
94,3.917,0.100,77,2.771,True,0.074,1
95,3.958,0.100,77,2.774,True,0.075,1
96,4.000,0.100,77,2.777,True,0.075,1
97,4.042,0.100,77,2.781,True,0.076,1
98,4.083,0.100,77,2.784,True,0.076,1
99,4.125,0.100,77,2.787,True,0.077,1
100,4.167,0.100,77,2.790,True,0.077,1
101,4.208,0.100,77,2.794,True,0.078,1
102,4.250,0.100,77,2.797,True,0.078,1
103,4.292,0.100,77,2.800,True,0.079,1
104,4.333,0.100,78,2.803,True,0.079,1
105,4.375,0.100,78,2.806,True,0.080,1
106,4.417,0.100,78,2.809,True,0.080,1
107,4.458,0.100,78,2.812,True,0.080,1
108,4.500,0.100,78,2.816,True,0.081,1
109,4.542,0.100,78,2.819,True,0.081,1
110,4.583,0.100,78,2.822,True,0.082,1
111,4.625,0.100,78,2.825,True,0.082,1
112,4.667,0.100,78,2.828,True,0.083,1
113,4.708,0.111,78,2.831,True,0.083,1
114,4.750,0.168,78,2.834,True,0.084,1
115,4.792,0.224,78,2.836,True,0.084,1
116,4.833,0.279,78,2.839,True,0.085,1
117,4.875,0.334,78,2.842,True,0.085,1
118,4.917,0.389,78,2.845,True,0.085,1
119,4.958,0.443,78,2.848,True,0.086,1
120,5.000,0.495,78,2.851,True,0.086,1
121,5.042,0.547,78,2.854,True,0.087,1
122,5.083,0.597,78,2.856,True,0.087,1
123,5.125,0.645,78,2.859,True,0.088,1
124,5.167,0.692,78,2.862,True,0.088,1
125,5.208,0.737,78,2.865,True,0.088,2
126,5.250,0.781,78,2.867,True,0.089,2
127,5.292,0.822,78,2.870,True,0.089,2
128,5.333,0.861,78,2.872,True,0.090,2
129,5.375,0.898,78,2.875,True,0.090,2
130,5.417,0.933,78,2.878,True,0.090,2
131,5.458,0.965,78,2.880,True,0.091,2
132,5.500,0.994,78,2.883,True,0.091,2
133,5.542,1.021,78,2.885,True,0.092,2
134,5.583,1.045,78,2.888,True,0.092,2
135,5.625,1.066,78,2.890,True,0.092,2
136,5.667,1.085,78,2.893,True,0.093,2
137,5.708,1.100,79,2.895,True,0.093,2
138,5.750,1.113,79,2.897,True,0.094,2
139,5.792,1.122,79,2.900,True,0.094,2
140,5.833,1.129,79,2.902,True,0.094,2
141,5.875,1.132,79,2.904,True,0.095,2
142,5.917,1.132,79,2.907,True,0.095,2
143,5.958,1.129,79,2.909,True,0.096,2
144,6.000,1.124,79,2.911,True,0.096,2
145,6.042,1.115,79,2.913,True,0.096,2
146,6.083,1.103,79,2.916,True,0.097,2
147,6.125,1.088,79,2.918,True,0.097,2
148,6.167,1.070,79,2.920,True,0.097,2
149,6.208,1.050,79,2.922,True,0.098,2
150,6.250,1.026,79,2.924,True,0.098,2
151,6.292,1.000,79,2.926,True,0.098,2
152,6.333,0.971,79,2.928,True,0.099,2
153,6.375,0.939,79,2.930,True,0.099,2
154,6.417,0.905,79,2.932,True,0.099,2
155,6.458,0.869,79,2.934,True,0.100,2
156,6.500,0.830,79,2.936,True,0.100,2
157,6.542,0.789,79,2.938,True,0.100,2
158,6.583,0.746,79,2.940,True,0.101,2
159,6.625,0.701,79,2.942,True,0.101,2
160,6.667,0.655,79,2.943,True,0.101,2
161,6.708,0.606,79,2.945,True,0.102,2
162,6.750,0.557,79,2.947,True,0.102,2
163,6.792,0.505,79,2.949,True,0.102,2
164,6.833,0.453,79,2.950,True,0.103,2
165,6.875,0.400,79,2.952,True,0.103,2
166,6.917,0.345,79,2.954,True,0.103,2
167,6.958,0.290,79,2.955,True,0.104,2
168,7.000,0.235,79,2.957,True,0.104,2
169,7.042,0.179,79,2.959,True,0.104,2
170,7.083,0.123,79,2.960,True,0.105,2
171,7.125,0.100,79,2.962,True,0.105,2
172,7.167,0.100,79,2.963,True,0.105,2
173,7.208,0.100,79,2.965,True,0.106,2
174,7.250,0.100,79,2.966,True,0.106,2
175,7.292,0.100,79,2.967,True,0.106,2
176,7.333,0.100,79,2.969,True,0.107,2
177,7.375,0.100,79,2.970,True,0.107,2
178,7.417,0.100,79,2.971,True,0.107,2
179,7.458,0.100,79,2.973,True,0.108,2
180,7.500,0.100,79,2.974,True,0.108,2
181,7.542,0.100,79,2.975,True,0.108,2
182,7.583,0.100,79,2.976,True,0.108,2
183,7.625,0.100,79,2.978,True,0.109,2
184,7.667,0.100,79,2.979,True,0.109,2
185,7.708,0.100,79,2.980,True,0.109,2
186,7.750,0.100,79,2.981,True,0.109,2
187,7.792,0.100,79,2.982,True,0.110,2
188,7.833,0.100,79,2.983,True,0.110,2
189,7.875,0.100,79,2.984,True,0.110,2
190,7.917,0.100,79,2.985,True,0.111,2
191,7.958,0.100,79,2.986,True,0.111,2
192,8.000,0.100,79,2.987,True,0.111,2
193,8.042,0.100,79,2.988,True,0.116,2
194,8.083,0.100,79,2.988,True,0.122,2
195,8.125,0.100,79,2.989,True,0.128,2
196,8.167,0.100,79,2.990,True,0.133,2
197,8.208,0.100,79,2.991,True,0.138,2
198,8.250,0.100,79,2.992,True,0.144,2
199,8.292,0.100,79,2.992,True,0.149,2
200,8.333,0.100,79,2.993,True,0.154,2
201,8.375,0.100,79,2.994,True,0.160,2
202,8.417,0.100,79,2.994,True,0.165,2
203,8.458,0.100,79,2.995,True,0.170,2
204,8.500,0.100,79,2.995,True,0.175,2
205,8.542,0.100,79,2.996,True,0.180,2
206,8.583,0.100,79,2.996,True,0.185,2
207,8.625,0.100,79,2.997,True,0.189,2
208,8.667,0.100,79,2.997,True,0.195,2
209,8.708,0.109,79,2.998,True,0.199,2
210,8.750,0.153,79,2.998,True,0.204,2
211,8.792,0.197,79,2.998,True,0.209,2
212,8.833,0.240,79,2.999,True,0.214,2
213,8.875,0.283,79,2.999,True,0.219,2
214,8.917,0.326,79,2.999,True,0.224,2
215,8.958,0.368,79,2.999,True,0.228,2
216,9.000,0.409,79,3.000,True,0.234,2
217,9.042,0.449,79,3.000,True,0.239,2
218,9.083,0.489,79,3.000,True,0.243,2
219,9.125,0.527,79,3.000,True,0.248,2
220,9.167,0.563,79,3.000,True,0.253,2
221,9.208,0.599,79,3.000,True,0.257,2
222,9.250,0.633,79,3.000,True,0.262,2
223,9.292,0.665,78,3.000,True,0.267,2
224,9.333,0.696,78,3.000,True,0.272,3
225,9.375,0.724,78,3.000,True,0.277,3
226,9.417,0.751,78,3.000,True,0.280,3
227,9.458,0.776,78,3.000,True,0.285,3
228,9.500,0.800,78,2.999,True,0.289,3
229,9.542,0.821,78,2.999,True,0.293,3
230,9.583,0.839,78,2.999,True,0.298,3
231,9.625,0.856,78,2.999,True,0.302,3
232,9.667,0.870,78,2.998,True,0.306,3
233,9.708,0.882,78,2.998,True,0.310,3
234,9.750,0.892,78,2.998,True,0.315,3
235,9.792,0.900,78,2.997,True,0.319,3
236,9.833,0.905,78,2.997,True,0.325,3
237,9.875,0.907,78,2.997,True,0.329,3
238,9.917,0.908,78,2.996,True,0.334,3
239,9.958,0.905,78,2.996,True,0.338,3
240,10.000,0.901,78,2.995,True,0.342,3
241,10.042,0.894,78,2.994,True,0.347,3
242,10.083,0.885,78,2.994,True,0.352,3
243,10.125,0.873,78,2.993,True,0.356,3
244,10.167,0.859,78,2.993,True,0.359,3
245,10.208,0.843,78,2.992,True,0.363,3
246,10.250,0.824,78,2.991,True,0.367,3
247,10.292,0.804,78,2.990,True,0.370,3
248,10.333,0.781,78,2.990,True,0.374,3
249,10.375,0.757,78,2.989,True,0.378,3
250,10.417,0.730,78,2.988,True,0.382,3
251,10.458,0.701,78,2.987,True,0.386,3
252,10.500,0.671,78,2.986,True,0.390,3
253,10.542,0.639,78,2.985,True,0.394,3
254,10.583,0.606,78,2.984,True,0.398,3
255,10.625,0.571,78,2.983,True,0.402,3
256,10.667,0.534,77,2.982,True,0.405,3
257,10.708,0.496,77,2.981,True,0.409,3
258,10.750,0.457,77,2.980,True,0.413,3
259,10.792,0.417,77,2.979,True,0.417,3
260,10.833,0.376,77,2.978,True,0.420,3
261,10.875,0.334,77,2.977,True,0.424,3
262,10.917,0.292,77,2.976,True,0.428,3
263,10.958,0.249,77,2.975,True,0.431,3
264,11.000,0.205,77,2.973,True,0.435,3
265,11.042,0.162,77,2.972,True,0.438,3
266,11.083,0.118,77,2.971,True,0.441,3
267,11.125,0.100,77,2.969,True,0.444,3
268,11.167,0.100,77,2.968,True,0.448,3
269,11.208,0.100,77,2.967,True,0.451,3
270,11.250,0.100,77,2.965,True,0.454,3
271,11.292,0.100,77,2.964,True,0.457,3
272,11.333,0.100,77,2.962,True,0.460,3
273,11.375,0.100,77,2.961,True,0.464,3
274,11.417,0.100,77,2.959,True,0.467,3
275,11.458,0.100,77,2.958,True,0.470,3
276,11.500,0.100,77,2.956,True,0.474,3
277,11.542,0.100,77,2.955,True,0.477,3
278,11.583,0.100,77,2.953,True,0.480,3
279,11.625,0.100,77,2.951,True,0.483,3
280,11.667,0.100,76,2.950,True,0.487,3
281,11.708,0.100,76,2.948,True,0.490,3
282,11.750,0.100,76,2.946,True,0.493,3
283,11.792,0.100,76,2.944,True,0.496,3
284,11.833,0.100,76,2.943,True,0.499,3
285,11.875,0.100,76,2.941,True,0.502,3
286,11.917,0.100,76,2.939,True,0.505,3
287,11.958,0.100,76,2.937,True,0.509,3
288,12.000,0.100,76,2.935,True,0.512,3
289,12.042,0.100,76,2.933,True,0.516,3
290,12.083,0.100,76,2.931,True,0.519,3
291,12.125,0.100,76,2.929,True,0.521,3
292,12.167,0.100,76,2.927,True,0.524,3
293,12.208,0.100,76,2.925,True,0.527,3
294,12.250,0.100,76,2.923,True,0.530,3
295,12.292,0.100,76,2.921,True,0.533,3
296,12.333,0.100,76,2.919,True,0.536,3
297,12.375,0.100,76,2.917,True,0.539,3
298,12.417,0.100,76,2.915,True,0.542,3
299,12.458,0.100,76,2.912,True,0.544,3
300,12.500,0.100,75,2.910,True,0.547,3
301,12.542,0.100,75,2.908,True,0.549,3
302,12.583,0.100,75,2.906,True,0.551,3
303,12.625,0.100,75,2.903,True,0.554,3
304,12.667,0.100,75,2.901,True,0.557,3
305,12.708,0.108,75,2.899,True,0.559,3
306,12.750,0.146,75,2.896,True,0.562,3
307,12.792,0.184,75,2.894,True,0.565,3
308,12.833,0.222,75,2.891,True,0.567,3
309,12.875,0.260,75,2.889,True,0.570,3
310,12.917,0.297,75,2.887,True,0.573,3
311,12.958,0.334,75,2.884,True,0.575,3
312,13.000,0.369,75,2.882,True,0.577,3
313,13.042,0.404,75,2.879,True,0.580,3
314,13.083,0.439,75,2.876,True,0.582,3
315,13.125,0.472,75,2.874,True,0.584,3
316,13.167,0.504,75,2.871,True,0.587,3
317,13.208,0.535,75,2.869,True,0.589,3
318,13.250,0.564,74,2.866,True,0.591,3
319,13.292,0.592,74,2.863,True,0.594,3
320,13.333,0.619,74,2.860,True,0.596,3
321,13.375,0.644,74,2.858,True,0.598,3
322,13.417,0.668,74,2.855,True,0.601,3
323,13.458,0.690,74,2.852,True,0.603,4
324,13.500,0.710,74,2.849,True,0.605,4
325,13.542,0.728,74,2.847,True,0.608,4
326,13.583,0.744,74,2.844,True,0.610,4
327,13.625,0.759,74,2.841,True,0.612,4
328,13.667,0.771,74,2.838,True,0.614,4
329,13.708,0.782,74,2.835,True,0.617,4
330,13.750,0.790,74,2.832,True,0.619,4
331,13.792,0.797,74,2.829,True,0.621,4
332,13.833,0.801,74,2.826,True,0.623,4
333,13.875,0.804,74,2.823,True,0.626,4
334,13.917,0.804,74,2.820,True,0.628,4
335,13.958,0.802,73,2.817,True,0.630,4
336,14.000,0.798,73,2.814,True,0.632,4
337,14.042,0.792,73,2.811,True,0.635,4
338,14.083,0.784,73,2.808,True,0.637,4
339,14.125,0.774,73,2.805,True,0.639,4
340,14.167,0.762,73,2.802,True,0.641,4
341,14.208,0.747,73,2.798,True,0.643,4
342,14.250,0.731,73,2.795,True,0.645,4
343,14.292,0.714,73,2.792,True,0.647,4
344,14.333,0.694,73,2.789,True,0.649,4
345,14.375,0.672,73,2.786,True,0.651,4
346,14.417,0.649,73,2.782,True,0.653,4
347,14.458,0.624,73,2.779,True,0.655,4
348,14.500,0.598,73,2.776,True,0.657,4
349,14.542,0.570,73,2.772,True,0.659,4
350,14.583,0.541,73,2.769,True,0.661,4
351,14.625,0.510,72,2.766,True,0.663,4
352,14.667,0.478,72,2.762,True,0.665,4
353,14.708,0.445,72,2.759,True,0.667,4
354,14.750,0.411,72,2.755,True,0.669,4
355,14.792,0.376,72,2.752,True,0.670,4
356,14.833,0.341,72,2.749,True,0.672,4
357,14.875,0.304,72,2.745,True,0.674,4
358,14.917,0.267,72,2.742,True,0.676,4
359,14.958,0.230,72,2.738,True,0.678,4
360,15.000,0.192,72,2.735,True,0.679,4
361,15.042,0.154,72,2.731,True,0.681,4
362,15.083,0.115,72,2.728,True,0.683,4
363,15.125,0.100,72,2.724,True,0.685,4
364,15.167,0.100,72,2.720,True,0.687,4
365,15.208,0.100,72,2.717,True,0.688,4
366,15.250,0.100,72,2.713,True,0.690,4
367,15.292,0.100,72,2.710,True,0.692,4
368,15.333,0.100,71,2.706,True,0.693,4
369,15.375,0.100,71,2.702,True,0.695,4
370,15.417,0.100,71,2.699,True,0.697,4
371,15.458,0.100,71,2.695,True,0.699,4
372,15.500,0.100,71,2.691,True,0.701,4
373,15.542,0.100,71,2.687,True,0.702,4
374,15.583,0.100,71,2.684,True,0.704,4
375,15.625,0.100,71,2.680,True,0.706,4
376,15.667,0.100,71,2.676,True,0.708,4
377,15.708,0.100,71,2.672,True,0.709,4
378,15.750,0.100,71,2.669,True,0.711,4
379,15.792,0.100,71,2.665,True,0.713,4
380,15.833,0.100,71,2.661,True,0.714,4
381,15.875,0.100,71,2.657,True,0.716,4
382,15.917,0.100,71,2.653,True,0.717,4
383,15.958,0.100,71,2.649,True,0.719,4
384,16.000,0.100,70,2.646,True,0.720,4
385,16.042,0.100,70,2.642,True,0.718,4
386,16.083,0.100,70,2.638,True,0.715,4
387,16.125,0.100,70,2.634,True,0.713,4
388,16.167,0.100,70,2.630,True,0.710,4
389,16.208,0.100,70,2.626,True,0.708,4
390,16.250,0.100,70,2.622,True,0.705,4
391,16.292,0.100,70,2.618,True,0.703,4
392,16.333,0.100,70,2.614,True,0.701,4
393,16.375,0.100,70,2.610,True,0.698,4
394,16.417,0.100,70,2.606,True,0.696,4
395,16.458,0.100,70,2.602,True,0.694,4
396,16.500,0.100,70,2.598,True,0.691,4
397,16.542,0.100,70,2.594,True,0.689,4
398,16.583,0.100,70,2.590,True,0.687,4
399,16.625,0.100,70,2.586,True,0.684,4
400,16.667,0.100,70,2.582,True,0.682,4
401,16.708,0.109,69,2.578,True,0.680,4
402,16.750,0.156,69,2.574,True,0.678,4
403,16.792,0.202,69,2.570,True,0.676,4
404,16.833,0.249,69,2.566,True,0.674,4
405,16.875,0.294,69,2.562,True,0.671,4
406,16.917,0.339,69,2.558,True,0.669,4
407,16.958,0.384,69,2.553,True,0.667,4
408,17.000,0.427,69,2.549,True,0.665,4
409,17.042,0.470,69,2.545,True,0.663,4
410,17.083,0.511,69,2.541,True,0.661,4
411,17.125,0.552,69,2.537,True,0.659,4
412,17.167,0.591,69,2.533,True,0.656,4
413,17.208,0.628,69,2.529,True,0.655,4
414,17.250,0.664,69,2.525,True,0.652,4
415,17.292,0.698,69,2.520,True,0.650,5
416,17.333,0.731,69,2.516,True,0.648,5
417,17.375,0.761,69,2.512,True,0.646,5
418,17.417,0.790,69,2.508,True,0.644,5
419,17.458,0.816,68,2.504,True,0.642,5
420,17.500,0.841,68,2.499,True,0.640,5
421,17.542,0.863,68,2.495,True,0.638,5
422,17.583,0.883,68,2.491,True,0.637,5
423,17.625,0.901,68,2.487,True,0.635,5
424,17.667,0.916,68,2.483,True,0.633,5
425,17.708,0.929,68,2.478,True,0.631,5
426,17.750,0.939,68,2.474,True,0.629,5
427,17.792,0.947,68,2.470,True,0.627,5
428,17.833,0.952,68,2.466,True,0.626,5
429,17.875,0.955,68,2.462,True,0.624,5
430,17.917,0.955,68,2.457,True,0.622,5
431,17.958,0.953,68,2.453,True,0.620,5
432,18.000,0.948,68,2.449,True,0.618,5
433,18.042,0.941,68,2.445,True,0.616,5
434,18.083,0.931,68,2.440,True,0.615,5
435,18.125,0.919,68,2.436,True,0.613,5
436,18.167,0.904,68,2.432,True,0.611,5
437,18.208,0.887,68,2.428,True,0.609,5
438,18.250,0.867,68,2.423,True,0.607,5
439,18.292,0.845,67,2.419,True,0.606,5
440,18.333,0.821,67,2.415,True,0.604,5
441,18.375,0.795,67,2.411,True,0.602,5
442,18.417,0.767,67,2.406,True,0.601,5
443,18.458,0.737,67,2.402,True,0.599,5
444,18.500,0.705,67,2.398,True,0.597,5
445,18.542,0.671,67,2.394,True,0.596,5
446,18.583,0.635,67,2.389,True,0.594,5
447,18.625,0.598,67,2.385,True,0.593,5
448,18.667,0.560,67,2.381,True,0.591,5
449,18.708,0.520,67,2.377,True,0.589,5
450,18.750,0.478,67,2.372,True,0.588,5
451,18.792,0.436,67,2.368,True,0.586,5
452,18.833,0.393,67,2.364,True,0.584,5
453,18.875,0.348,67,2.360,True,0.583,5
454,18.917,0.303,67,2.355,True,0.581,5
455,18.958,0.258,67,2.351,True,0.580,5
456,19.000,0.212,67,2.347,True,0.578,5
457,19.042,0.165,67,2.343,True,0.576,5
458,19.083,0.119,67,2.339,True,0.575,5
459,19.125,0.100,67,2.334,True,0.573,5
460,19.167,0.100,67,2.330,True,0.572,5
461,19.208,0.100,67,2.326,True,0.570,5
462,19.250,0.100,67,2.322,True,0.569,5
463,19.292,0.100,66,2.317,True,0.567,5
464,19.333,0.100,66,2.313,True,0.566,5
465,19.375,0.100,66,2.309,True,0.564,5
466,19.417,0.100,66,2.305,True,0.563,5
467,19.458,0.100,66,2.301,True,0.562,5
468,19.500,0.100,66,2.296,True,0.560,5
469,19.542,0.100,66,2.292,True,0.559,5
470,19.583,0.100,66,2.288,True,0.557,5
471,19.625,0.100,66,2.284,True,0.556,5
472,19.667,0.100,66,2.280,True,0.555,5
473,19.708,0.100,66,2.276,True,0.553,5
474,19.750,0.100,66,2.271,True,0.552,5
475,19.792,0.100,66,2.267,True,0.551,5
476,19.833,0.100,66,2.263,True,0.549,5
477,19.875,0.100,66,2.259,True,0.548,5
478,19.917,0.100,66,2.255,True,0.547,5
479,19.958,0.100,66,2.251,True,0.545,5
480,20.000,0.100,66,2.247,True,0.544,5
481,20.042,0.100,66,2.243,True,0.543,5
482,20.083,0.100,66,2.238,True,0.541,5
483,20.125,0.100,66,2.234,True,0.540,5
484,20.167,0.100,66,2.230,True,0.539,5
485,20.208,0.100,66,2.226,True,0.538,5
486,20.250,0.100,66,2.222,True,0.536,5
487,20.292,0.100,66,2.218,True,0.535,5
488,20.333,0.100,66,2.214,True,0.534,5
489,20.375,0.100,66,2.210,True,0.533,5
490,20.417,0.100,66,2.206,True,0.531,5
491,20.458,0.100,66,2.202,True,0.530,5
492,20.500,0.100,66,2.198,True,0.529,5
493,20.542,0.100,66,2.194,True,0.528,5
494,20.583,0.100,66,2.190,True,0.527,5
495,20.625,0.100,66,2.186,True,0.526,5
496,20.667,0.100,65,2.182,True,0.524,5
497,20.708,0.109,65,2.178,True,0.523,5
498,20.750,0.156,65,2.174,True,0.522,5
499,20.792,0.202,65,2.170,True,0.521,5
500,20.833,0.247,65,2.166,True,0.520,5
501,20.875,0.293,65,2.162,True,0.519,5
502,20.917,0.337,65,2.159,True,0.518,5
503,20.958,0.382,65,2.155,True,0.516,5
504,21.000,0.425,65,2.151,True,0.515,5
505,21.042,0.467,65,2.147,True,0.514,5
506,21.083,0.508,65,2.143,True,0.513,5
507,21.125,0.548,65,2.139,True,0.512,5
508,21.167,0.587,65,2.135,True,0.511,5
509,21.208,0.624,65,2.132,True,0.510,5
510,21.250,0.660,65,2.128,True,0.509,5
511,21.292,0.694,65,2.124,True,0.508,6
512,21.333,0.726,65,2.120,True,0.507,6
513,21.375,0.756,65,2.116,True,0.506,6
514,21.417,0.784,65,2.113,True,0.504,6
515,21.458,0.811,65,2.109,True,0.504,6
516,21.500,0.835,65,2.105,True,0.503,6
517,21.542,0.857,65,2.102,True,0.502,6
518,21.583,0.877,65,2.098,True,0.501,6
519,21.625,0.894,65,2.094,True,0.500,6
520,21.667,0.909,65,2.091,True,0.499,6
521,21.708,0.922,65,2.087,True,0.498,6
522,21.750,0.932,65,2.083,True,0.497,6
523,21.792,0.940,65,2.080,True,0.496,6
524,21.833,0.945,65,2.076,True,0.495,6
525,21.875,0.948,65,2.073,True,0.493,6
526,21.917,0.948,65,2.069,True,0.493,6
527,21.958,0.946,65,2.066,True,0.492,6
528,22.000,0.941,65,2.062,True,0.491,6
529,22.042,0.934,65,2.059,True,0.490,6
530,22.083,0.924,65,2.055,True,0.489,6
531,22.125,0.912,65,2.052,True,0.488,6
532,22.167,0.898,65,2.048,True,0.487,6
533,22.208,0.881,65,2.045,True,0.486,6
534,22.250,0.861,65,2.041,True,0.485,6
535,22.292,0.840,65,2.038,True,0.484,6
536,22.333,0.816,65,2.034,True,0.483,6
537,22.375,0.790,65,2.031,True,0.482,6
538,22.417,0.762,65,2.028,True,0.481,6
539,22.458,0.732,65,2.024,True,0.480,6
540,22.500,0.700,65,2.021,True,0.480,6
541,22.542,0.667,65,2.018,True,0.479,6
542,22.583,0.631,65,2.015,True,0.478,6
543,22.625,0.594,65,2.011,True,0.477,6
544,22.667,0.556,65,2.008,True,0.476,6
545,22.708,0.516,65,2.005,True,0.475,6
546,22.750,0.475,65,2.002,True,0.474,6
547,22.792,0.433,65,1.999,True,0.473,6
548,22.833,0.390,65,1.995,True,0.473,6
549,22.875,0.346,65,1.992,True,0.472,6
550,22.917,0.302,65,1.989,True,0.471,6
551,22.958,0.256,65,1.986,True,0.470,6
552,23.000,0.211,65,1.983,True,0.469,6
553,23.042,0.165,65,1.980,True,0.469,6
554,23.083,0.119,65,1.977,True,0.468,6
555,23.125,0.100,65,1.974,True,0.467,6
556,23.167,0.100,65,1.971,True,0.466,6
557,23.208,0.100,65,1.968,True,0.466,6
558,23.250,0.100,65,1.965,True,0.465,6
559,23.292,0.100,65,1.962,True,0.464,6
560,23.333,0.100,65,1.959,True,0.463,6
561,23.375,0.100,65,1.956,True,0.463,6
562,23.417,0.100,65,1.954,True,0.462,6
563,23.458,0.100,65,1.951,True,0.461,6
564,23.500,0.100,65,1.948,True,0.460,6
565,23.542,0.100,65,1.945,True,0.460,6
566,23.583,0.100,65,1.942,True,0.459,6
567,23.625,0.100,65,1.940,True,0.458,6
568,23.667,0.100,65,1.937,True,0.458,6
569,23.708,0.100,65,1.934,True,0.457,6
570,23.750,0.100,65,1.932,True,0.456,6
571,23.792,0.100,65,1.929,True,0.456,6
572,23.833,0.100,65,1.926,True,0.455,6
573,23.875,0.100,65,1.924,True,0.454,6
574,23.917,0.100,65,1.921,True,0.454,6
575,23.958,0.100,65,1.919,True,0.453,6
